{"initial_reset_timestamp": 1646939044.5444367, "timestamps": [1646939064.9574163], "episode_lengths": [1], "episode_rewards": [-100.0], "episode_types": ["t"]}