{"initial_reset_timestamp": 1646925169.0604699, "timestamps": [1646925183.112713], "episode_lengths": [1], "episode_rewards": [-100.0], "episode_types": ["t"]}