{"initial_reset_timestamp": 1646927257.4723585, "timestamps": [1646927284.8153222], "episode_lengths": [1], "episode_rewards": [-100.0], "episode_types": ["t"]}